MMSI,BaseDateTime,LAT,LON,SOG,COG,Heading,VesselName,IMO,CallSign,VesselType,Status,Length,Width,Draft,Cargo,TransceiverClass,hour,day_of_week,month,status_encoded,anomaly
367145870,2024-01-01 00:00:00,41.62224,-70.28484,33.8,58.7,60.0,IYANOUGH,IMO9375719,WDD4527,60.0,9.0,47.0,12.0,1.6,49.0,A,0,0,1,8,-1
367145870,2024-01-01 00:01:02,41.62768,-70.27387,32.1,48.7,37.0,IYANOUGH,IMO9375719,WDD4527,60.0,9.0,47.0,12.0,1.6,49.0,A,0,0,1,8,-1
367145870,2024-01-01 00:02:04,41.63533,-70.27015,17.1,9.2,10.0,IYANOUGH,IMO9375719,WDD4527,60.0,9.0,47.0,12.0,1.6,49.0,A,0,0,1,8,-1
367145870,2024-01-01 00:03:06,41.6377,-70.26955,7.8,11.6,12.0,IYANOUGH,IMO9375719,WDD4527,60.0,9.0,47.0,12.0,1.6,49.0,A,0,0,1,8,-1
367145870,2024-01-01 00:04:08,41.63995,-70.26903,8.0,8.4,9.0,IYANOUGH,IMO9375719,WDD4527,60.0,9.0,47.0,12.0,1.6,49.0,A,0,0,1,8,-1
367145870,2024-01-01 13:26:52,41.62598,-70.27693,32.5,236.3,241.0,IYANOUGH,IMO9375719,WDD4527,60.0,9.0,47.0,12.0,1.6,49.0,A,13,0,1,8,-1
367145870,2024-01-01 13:27:54,41.62094,-70.28813,34.2,236.9,238.0,IYANOUGH,IMO9375719,WDD4527,60.0,9.0,47.0,12.0,1.6,49.0,A,13,0,1,8,-1
367145870,2024-01-01 13:28:56,41.61323,-70.29497,32.5,184.2,175.0,IYANOUGH,IMO9375719,WDD4527,60.0,9.0,47.0,12.0,1.6,49.0,A,13,0,1,8,-1
367145870,2024-01-01 13:31:00,41.59475,-70.28604,34.3,160.9,164.0,IYANOUGH,IMO9375719,WDD4527,60.0,9.0,47.0,12.0,1.6,49.0,A,13,0,1,8,-1
367145870,2024-01-01 13:32:02,41.58531,-70.28215,34.4,161.2,162.0,IYANOUGH,IMO9375719,WDD4527,60.0,9.0,47.0,12.0,1.6,49.0,A,13,0,1,8,-1
367145870,2024-01-01 13:33:04,41.57605,-70.27825,34.3,163.5,166.0,IYANOUGH,IMO9375719,WDD4527,60.0,9.0,47.0,12.0,1.6,49.0,A,13,0,1,8,-1
367145870,2024-01-01 13:29:58,41.60404,-70.29054,34.5,158.0,160.0,IYANOUGH,IMO9375719,WDD4527,60.0,9.0,47.0,12.0,1.6,49.0,A,13,0,1,8,-1
367145870,2024-01-01 13:37:12,41.53949,-70.25885,34.1,154.7,156.0,IYANOUGH,IMO9375719,WDD4527,60.0,9.0,47.0,12.0,1.6,49.0,A,13,0,1,8,-1
367145870,2024-01-01 13:36:10,41.54838,-70.26441,34.1,155.0,156.0,IYANOUGH,IMO9375719,WDD4527,60.0,9.0,47.0,12.0,1.6,49.0,A,13,0,1,8,-1
367145870,2024-01-01 13:40:18,41.51295,-70.2421,33.9,154.8,156.0,IYANOUGH,IMO9375719,WDD4527,60.0,9.0,47.0,12.0,1.6,49.0,A,13,0,1,8,-1
367145870,2024-01-01 13:43:24,41.48672,-70.22481,34.0,152.1,154.0,IYANOUGH,IMO9375719,WDD4527,60.0,9.0,47.0,12.0,1.6,49.0,A,13,0,1,8,-1
367145870,2024-01-01 13:47:32,41.45168,-70.20157,34.0,152.9,154.0,IYANOUGH,IMO9375719,WDD4527,60.0,9.0,47.0,12.0,1.6,49.0,A,13,0,1,8,-1
367145870,2024-01-01 13:42:22,41.4954,-70.23074,33.9,153.8,155.0,IYANOUGH,IMO9375719,WDD4527,60.0,9.0,47.0,12.0,1.6,49.0,A,13,0,1,8,-1
367145870,2024-01-01 13:41:20,41.50415,-70.23646,33.9,154.4,156.0,IYANOUGH,IMO9375719,WDD4527,60.0,9.0,47.0,12.0,1.6,49.0,A,13,0,1,8,-1
367145870,2024-01-01 13:50:38,41.42515,-70.18489,33.9,155.6,157.0,IYANOUGH,IMO9375719,WDD4527,60.0,9.0,47.0,12.0,1.6,49.0,A,13,0,1,8,-1
367145870,2024-01-01 13:44:26,41.47798,-70.219,34.0,154.0,155.0,IYANOUGH,IMO9375719,WDD4527,60.0,9.0,47.0,12.0,1.6,49.0,A,13,0,1,8,-1
367145870,2024-01-01 13:53:44,41.39845,-70.16855,34.1,154.1,156.0,IYANOUGH,IMO9375719,WDD4527,60.0,9.0,47.0,12.0,1.6,49.0,A,13,0,1,8,-1
367145870,2024-01-01 13:45:28,41.46921,-70.21317,34.1,153.1,155.0,IYANOUGH,IMO9375719,WDD4527,60.0,9.0,47.0,12.0,1.6,49.0,A,13,0,1,8,-1
367145870,2024-01-01 13:46:30,41.46046,-70.20733,34.0,154.6,156.0,IYANOUGH,IMO9375719,WDD4527,60.0,9.0,47.0,12.0,1.6,49.0,A,13,0,1,8,-1
367145870,2024-01-01 13:54:46,41.38976,-70.1625,34.1,154.2,157.0,IYANOUGH,IMO9375719,WDD4527,60.0,9.0,47.0,12.0,1.6,49.0,A,13,0,1,8,-1
367145870,2024-01-01 13:57:52,41.36445,-70.14285,34.1,150.2,154.0,IYANOUGH,IMO9375719,WDD4527,60.0,9.0,47.0,12.0,1.6,49.0,A,13,0,1,8,-1
367145870,2024-01-01 13:51:40,41.41625,-70.17954,34.1,156.6,159.0,IYANOUGH,IMO9375719,WDD4527,60.0,9.0,47.0,12.0,1.6,49.0,A,13,0,1,8,-1
367145870,2024-01-01 13:59:56,41.34748,-70.12995,34.0,149.4,151.0,IYANOUGH,IMO9375719,WDD4527,60.0,9.0,47.0,12.0,1.6,49.0,A,13,0,1,8,-1
367145870,2024-01-01 14:00:00,41.34693,-70.12952,34.0,149.3,150.0,IYANOUGH,IMO9375719,WDD4527,60.0,9.0,47.0,12.0,1.6,49.0,A,14,0,1,8,-1
367145870,2024-01-01 13:55:48,41.38131,-70.15604,34.0,148.2,150.0,IYANOUGH,IMO9375719,WDD4527,60.0,9.0,47.0,12.0,1.6,49.0,A,13,0,1,8,-1
367145870,2024-01-01 14:01:02,41.33839,-70.12311,34.1,151.2,152.0,IYANOUGH,IMO9375719,WDD4527,60.0,9.0,47.0,12.0,1.6,49.0,A,14,0,1,8,-1
367145870,2024-01-01 14:02:04,41.32987,-70.1167,34.1,150.2,152.0,IYANOUGH,IMO9375719,WDD4527,60.0,9.0,47.0,12.0,1.6,49.0,A,14,0,1,8,-1
367145870,2024-01-01 13:56:50,41.37286,-70.14949,34.0,150.5,152.0,IYANOUGH,IMO9375719,WDD4527,60.0,9.0,47.0,12.0,1.6,49.0,A,13,0,1,8,-1
367145870,2024-01-01 14:05:10,41.30416,-70.09851,33.7,161.7,165.0,IYANOUGH,IMO9375719,WDD4527,60.0,9.0,47.0,12.0,1.6,49.0,A,14,0,1,8,-1
367145870,2024-01-01 14:03:06,41.32139,-70.11019,34.0,147.5,147.0,IYANOUGH,IMO9375719,WDD4527,60.0,9.0,47.0,12.0,1.6,49.0,A,14,0,1,8,-1
367145870,2024-01-01 14:04:08,41.31325,-70.10286,34.1,149.6,153.0,IYANOUGH,IMO9375719,WDD4527,60.0,9.0,47.0,12.0,1.6,49.0,A,14,0,1,8,-1
367145870,2024-01-01 14:38:16,41.31757,-70.10552,33.8,336.5,337.0,IYANOUGH,IMO9375719,WDD4527,60.0,9.0,47.0,12.0,1.6,49.0,A,14,0,1,8,-1
367145870,2024-01-01 14:40:20,41.33552,-70.11458,33.4,336.3,337.0,IYANOUGH,IMO9375719,WDD4527,60.0,9.0,47.0,12.0,1.6,49.0,A,14,0,1,8,-1
367145870,2024-01-01 14:36:12,41.29937,-70.09632,33.6,342.3,344.0,IYANOUGH,IMO9375719,WDD4527,60.0,9.0,47.0,12.0,1.6,49.0,A,14,0,1,8,-1
367145870,2024-01-01 14:44:28,41.37123,-70.1335,33.4,338.2,340.0,IYANOUGH,IMO9375719,WDD4527,60.0,9.0,47.0,12.0,1.6,49.0,A,14,0,1,8,-1
367145870,2024-01-01 14:46:32,41.38913,-70.14272,33.4,341.0,342.0,IYANOUGH,IMO9375719,WDD4527,60.0,9.0,47.0,12.0,1.6,49.0,A,14,0,1,8,-1
367145870,2024-01-01 14:47:34,41.398,-70.14757,33.4,337.0,338.0,IYANOUGH,IMO9375719,WDD4527,60.0,9.0,47.0,12.0,1.6,49.0,A,14,0,1,8,-1
367145870,2024-01-01 14:39:18,41.32661,-70.1099,33.4,343.3,343.0,IYANOUGH,IMO9375719,WDD4527,60.0,9.0,47.0,12.0,1.6,49.0,A,14,0,1,8,-1
367145870,2024-01-01 14:41:22,41.34437,-70.11906,33.5,341.4,342.0,IYANOUGH,IMO9375719,WDD4527,60.0,9.0,47.0,12.0,1.6,49.0,A,14,0,1,8,-1
367145870,2024-01-01 14:49:38,41.4159,-70.15694,33.3,337.0,337.0,IYANOUGH,IMO9375719,WDD4527,60.0,9.0,47.0,12.0,1.6,49.0,A,14,0,1,8,-1
367145870,2024-01-01 14:45:30,41.38022,-70.13799,33.3,337.4,338.0,IYANOUGH,IMO9375719,WDD4527,60.0,9.0,47.0,12.0,1.6,49.0,A,14,0,1,8,-1
367145870,2024-01-01 14:48:36,41.40706,-70.15197,33.6,340.1,340.0,IYANOUGH,IMO9375719,WDD4527,60.0,9.0,47.0,12.0,1.6,49.0,A,14,0,1,8,-1
367145870,2024-01-01 14:53:46,41.45112,-70.17703,33.1,325.0,325.0,IYANOUGH,IMO9375719,WDD4527,60.0,9.0,47.0,12.0,1.6,49.0,A,14,0,1,8,-1
367145870,2024-01-01 14:51:42,41.43377,-70.16632,33.4,337.0,338.0,IYANOUGH,IMO9375719,WDD4527,60.0,9.0,47.0,12.0,1.6,49.0,A,14,0,1,8,-1
367145870,2024-01-01 14:54:48,41.45942,-70.18338,33.3,331.8,331.0,IYANOUGH,IMO9375719,WDD4527,60.0,9.0,47.0,12.0,1.6,49.0,A,14,0,1,8,-1
367145870,2024-01-01 14:50:40,41.42488,-70.16148,33.3,337.5,337.0,IYANOUGH,IMO9375719,WDD4527,60.0,9.0,47.0,12.0,1.6,49.0,A,14,0,1,8,-1
367145870,2024-01-01 14:52:44,41.44277,-70.17094,33.7,338.5,337.0,IYANOUGH,IMO9375719,WDD4527,60.0,9.0,47.0,12.0,1.6,49.0,A,14,0,1,8,-1
367145870,2024-01-01 14:56:52,41.47596,-70.19594,33.4,329.0,328.0,IYANOUGH,IMO9375719,WDD4527,60.0,9.0,47.0,12.0,1.6,49.0,A,14,0,1,8,-1
367145870,2024-01-01 14:55:50,41.46766,-70.18992,33.4,328.5,330.0,IYANOUGH,IMO9375719,WDD4527,60.0,9.0,47.0,12.0,1.6,49.0,A,14,0,1,8,-1
367145870,2024-01-01 14:57:54,41.48443,-70.20226,33.1,332.4,331.0,IYANOUGH,IMO9375719,WDD4527,60.0,9.0,47.0,12.0,1.6,49.0,A,14,0,1,8,-1
367145870,2024-01-01 14:58:56,41.49269,-70.20863,33.3,331.6,333.0,IYANOUGH,IMO9375719,WDD4527,60.0,9.0,47.0,12.0,1.6,49.0,A,14,0,1,8,-1
367145870,2024-01-01 15:01:02,41.50955,-70.22142,33.3,328.2,329.0,IYANOUGH,IMO9375719,WDD4527,60.0,9.0,47.0,12.0,1.6,49.0,A,15,0,1,8,-1
367145870,2024-01-01 15:02:04,41.51794,-70.22757,33.2,330.9,331.0,IYANOUGH,IMO9375719,WDD4527,60.0,9.0,47.0,12.0,1.6,49.0,A,15,0,1,8,-1
367145870,2024-01-01 15:06:12,41.55107,-70.253,33.3,328.7,330.0,IYANOUGH,IMO9375719,WDD4527,60.0,9.0,47.0,12.0,1.6,49.0,A,15,0,1,8,-1
367145870,2024-01-01 15:03:06,41.5261,-70.23416,33.2,329.1,330.0,IYANOUGH,IMO9375719,WDD4527,60.0,9.0,47.0,12.0,1.6,49.0,A,15,0,1,8,-1
367145870,2024-01-01 15:07:14,41.55958,-70.2588,33.3,335.7,337.0,IYANOUGH,IMO9375719,WDD4527,60.0,9.0,47.0,12.0,1.6,49.0,A,15,0,1,8,-1
367145870,2024-01-01 14:59:58,41.50096,-70.21499,33.2,330.0,332.0,IYANOUGH,IMO9375719,WDD4527,60.0,9.0,47.0,12.0,1.6,49.0,A,14,0,1,8,-1
367145870,2024-01-01 15:00:00,41.50109,-70.21509,33.2,330.4,331.0,IYANOUGH,IMO9375719,WDD4527,60.0,9.0,47.0,12.0,1.6,49.0,A,15,0,1,8,-1
367145870,2024-01-01 15:05:10,41.54285,-70.24648,33.3,331.9,331.0,IYANOUGH,IMO9375719,WDD4527,60.0,9.0,47.0,12.0,1.6,49.0,A,15,0,1,8,-1
367145870,2024-01-01 15:08:16,41.56823,-70.2644,33.6,333.2,334.0,IYANOUGH,IMO9375719,WDD4527,60.0,9.0,47.0,12.0,1.6,49.0,A,15,0,1,8,-1
367145870,2024-01-01 15:10:20,41.58597,-70.27448,33.6,338.2,337.0,IYANOUGH,IMO9375719,WDD4527,60.0,9.0,47.0,12.0,1.6,49.0,A,15,0,1,8,-1
367145870,2024-01-01 15:14:28,41.62092,-70.28775,31.2,52.4,60.0,IYANOUGH,IMO9375719,WDD4527,60.0,9.0,47.0,12.0,1.6,49.0,A,15,0,1,8,-1
367145870,2024-01-01 15:16:32,41.63364,-70.2706,24.3,15.4,15.0,IYANOUGH,IMO9375719,WDD4527,60.0,9.0,47.0,12.0,1.6,49.0,A,15,0,1,8,-1
367145870,2024-01-01 15:15:30,41.62605,-70.27659,34.3,57.0,58.0,IYANOUGH,IMO9375719,WDD4527,60.0,9.0,47.0,12.0,1.6,49.0,A,15,0,1,8,-1
367145870,2024-01-01 13:39:16,41.52179,-70.24768,34.1,154.5,155.0,IYANOUGH,IMO9375719,WDD4527,60.0,9.0,47.0,12.0,1.6,49.0,A,13,0,1,8,-1
367145870,2024-01-01 13:48:34,41.44293,-70.1958,34.0,156.3,158.0,IYANOUGH,IMO9375719,WDD4527,60.0,9.0,47.0,12.0,1.6,49.0,A,13,0,1,8,-1
367145870,2024-01-01 13:49:36,41.43415,-70.19005,34.2,153.9,157.0,IYANOUGH,IMO9375719,WDD4527,60.0,9.0,47.0,12.0,1.6,49.0,A,13,0,1,8,-1
367145870,2024-01-01 16:11:52,41.62074,-70.28835,33.9,237.6,236.0,IYANOUGH,IMO9375719,WDD4527,60.0,9.0,47.0,12.0,1.6,49.0,A,16,0,1,8,-1
367145870,2024-01-01 13:58:54,41.35613,-70.13645,34.1,149.8,153.0,IYANOUGH,IMO9375719,WDD4527,60.0,9.0,47.0,12.0,1.6,49.0,A,13,0,1,8,-1
367145870,2024-01-01 16:10:50,41.62581,-70.27727,32.0,237.3,241.0,IYANOUGH,IMO9375719,WDD4527,60.0,9.0,47.0,12.0,1.6,49.0,A,16,0,1,8,-1
367145870,2024-01-01 16:14:58,41.59323,-70.28591,34.1,167.3,170.0,IYANOUGH,IMO9375719,WDD4527,60.0,9.0,47.0,12.0,1.6,49.0,A,16,0,1,8,-1
367145870,2024-01-01 16:12:54,41.61234,-70.29123,33.7,168.5,170.0,IYANOUGH,IMO9375719,WDD4527,60.0,9.0,47.0,12.0,1.6,49.0,A,16,0,1,8,-1
367145870,2024-01-01 16:16:00,41.58353,-70.28261,34.1,160.5,160.0,IYANOUGH,IMO9375719,WDD4527,60.0,9.0,47.0,12.0,1.6,49.0,A,16,0,1,8,-1
367145870,2024-01-01 14:06:12,41.29571,-70.0949,23.3,161.5,163.0,IYANOUGH,IMO9375719,WDD4527,60.0,9.0,47.0,12.0,1.6,49.0,A,14,0,1,8,-1
367145870,2024-01-01 16:19:06,41.55702,-70.2648,34.7,153.6,155.0,IYANOUGH,IMO9375719,WDD4527,60.0,9.0,47.0,12.0,1.6,49.0,A,16,0,1,8,-1
367145870,2024-01-01 16:18:04,41.56593,-70.27074,34.4,152.6,155.0,IYANOUGH,IMO9375719,WDD4527,60.0,9.0,47.0,12.0,1.6,49.0,A,16,0,1,8,-1
367145870,2024-01-01 16:20:08,41.5481,-70.25897,34.5,156.2,159.0,IYANOUGH,IMO9375719,WDD4527,60.0,9.0,47.0,12.0,1.6,49.0,A,16,0,1,8,-1
367145870,2024-01-01 16:23:14,41.52127,-70.24244,34.2,155.6,159.0,IYANOUGH,IMO9375719,WDD4527,60.0,9.0,47.0,12.0,1.6,49.0,A,16,0,1,8,-1
367145870,2024-01-01 16:25:18,41.50343,-70.23114,34.4,154.4,158.0,IYANOUGH,IMO9375719,WDD4527,60.0,9.0,47.0,12.0,1.6,49.0,A,16,0,1,8,-1
367145870,2024-01-01 16:26:20,41.49443,-70.22563,34.5,154.5,157.0,IYANOUGH,IMO9375719,WDD4527,60.0,9.0,47.0,12.0,1.6,49.0,A,16,0,1,8,-1
367145870,2024-01-01 16:30:28,41.45819,-70.20407,34.4,156.6,161.0,IYANOUGH,IMO9375719,WDD4527,60.0,9.0,47.0,12.0,1.6,49.0,A,16,0,1,8,-1
367145870,2024-01-01 16:27:22,41.48546,-70.21997,34.5,156.5,159.0,IYANOUGH,IMO9375719,WDD4527,60.0,9.0,47.0,12.0,1.6,49.0,A,16,0,1,8,-1
367145870,2024-01-01 16:28:24,41.47641,-70.21451,34.6,158.7,161.0,IYANOUGH,IMO9375719,WDD4527,60.0,9.0,47.0,12.0,1.6,49.0,A,16,0,1,8,-1
367145870,2024-01-01 16:34:36,41.42316,-70.18009,34.9,133.1,135.0,IYANOUGH,IMO9375719,WDD4527,60.0,9.0,47.0,12.0,1.6,49.0,A,16,0,1,8,-1
367145870,2024-01-01 16:22:12,41.53019,-70.24803,34.2,154.3,157.0,IYANOUGH,IMO9375719,WDD4527,60.0,9.0,47.0,12.0,1.6,49.0,A,16,0,1,8,-1
367145870,2024-01-01 16:37:42,41.3985,-70.15761,34.8,158.1,159.0,IYANOUGH,IMO9375719,WDD4527,60.0,9.0,47.0,12.0,1.6,49.0,A,16,0,1,8,-1
367145870,2024-01-01 16:35:38,41.4158,-70.17096,35.1,139.5,144.0,IYANOUGH,IMO9375719,WDD4527,60.0,9.0,47.0,12.0,1.6,49.0,A,16,0,1,8,-1
367145870,2024-01-01 16:42:52,41.35361,-70.13051,34.4,155.4,158.0,IYANOUGH,IMO9375719,WDD4527,60.0,9.0,47.0,12.0,1.6,49.0,A,16,0,1,8,-1
367145870,2024-01-01 16:41:50,41.36246,-70.13592,34.4,154.6,157.0,IYANOUGH,IMO9375719,WDD4527,60.0,9.0,47.0,12.0,1.6,49.0,A,16,0,1,8,-1
367145870,2024-01-01 16:31:30,41.44906,-70.19896,34.6,156.5,160.0,IYANOUGH,IMO9375719,WDD4527,60.0,9.0,47.0,12.0,1.6,49.0,A,16,0,1,8,-1
367145870,2024-01-01 16:32:32,41.43997,-70.19362,34.6,156.0,159.0,IYANOUGH,IMO9375719,WDD4527,60.0,9.0,47.0,12.0,1.6,49.0,A,16,0,1,8,-1
367145870,2024-01-01 16:33:34,41.43081,-70.18838,34.7,156.9,157.0,IYANOUGH,IMO9375719,WDD4527,60.0,9.0,47.0,12.0,1.6,49.0,A,16,0,1,8,-1
367145870,2024-01-01 16:40:48,41.37143,-70.14147,34.4,153.0,155.0,IYANOUGH,IMO9375719,WDD4527,60.0,9.0,47.0,12.0,1.6,49.0,A,16,0,1,8,-1
367145870,2024-01-01 16:45:58,41.32691,-70.11292,34.4,151.1,152.0,IYANOUGH,IMO9375719,WDD4527,60.0,9.0,47.0,12.0,1.6,49.0,A,16,0,1,8,-1
367145870,2024-01-01 16:48:02,41.30936,-70.10083,34.6,160.3,163.0,IYANOUGH,IMO9375719,WDD4527,60.0,9.0,47.0,12.0,1.6,49.0,A,16,0,1,8,-1
367145870,2024-01-01 14:35:10,41.29188,-70.09122,17.6,312.9,315.0,IYANOUGH,IMO9375719,WDD4527,60.0,9.0,47.0,12.0,1.6,49.0,A,14,0,1,8,-1
367145870,2024-01-01 16:49:04,41.29973,-70.09659,35.4,162.3,164.0,IYANOUGH,IMO9375719,WDD4527,60.0,9.0,47.0,12.0,1.6,49.0,A,16,0,1,8,-1
367145870,2024-01-01 14:37:14,41.30864,-70.10036,34.0,340.9,342.0,IYANOUGH,IMO9375719,WDD4527,60.0,9.0,47.0,12.0,1.6,49.0,A,14,0,1,8,-1
367145870,2024-01-01 16:47:00,41.31831,-70.10649,34.3,147.7,150.0,IYANOUGH,IMO9375719,WDD4527,60.0,9.0,47.0,12.0,1.6,49.0,A,16,0,1,8,-1
367145870,2024-01-01 16:39:46,41.38045,-70.14681,34.4,154.8,158.0,IYANOUGH,IMO9375719,WDD4527,60.0,9.0,47.0,12.0,1.6,49.0,A,16,0,1,8,-1
367145870,2024-01-01 14:42:24,41.35339,-70.12406,33.5,335.4,337.0,IYANOUGH,IMO9375719,WDD4527,60.0,9.0,47.0,12.0,1.6,49.0,A,14,0,1,8,-1
367145870,2024-01-01 16:44:56,41.33565,-70.11907,34.3,151.8,155.0,IYANOUGH,IMO9375719,WDD4527,60.0,9.0,47.0,12.0,1.6,49.0,A,16,0,1,8,-1
367145870,2024-01-01 14:43:26,41.3624,-70.12852,33.4,340.4,340.0,IYANOUGH,IMO9375719,WDD4527,60.0,9.0,47.0,12.0,1.6,49.0,A,14,0,1,8,-1
367145870,2024-01-01 17:36:40,41.30235,-70.09761,32.2,341.6,343.0,IYANOUGH,IMO9375719,WDD4527,60.0,9.0,47.0,12.0,1.6,49.0,A,17,0,1,8,-1
367145870,2024-01-01 17:38:44,41.31982,-70.1064,32.9,336.5,338.0,IYANOUGH,IMO9375719,WDD4527,60.0,9.0,47.0,12.0,1.6,49.0,A,17,0,1,8,-1
367145870,2024-01-01 17:39:46,41.32857,-70.11104,32.8,342.2,344.0,IYANOUGH,IMO9375719,WDD4527,60.0,9.0,47.0,12.0,1.6,49.0,A,17,0,1,8,-1
367145870,2024-01-01 17:40:48,41.33737,-70.11535,32.5,336.4,337.0,IYANOUGH,IMO9375719,WDD4527,60.0,9.0,47.0,12.0,1.6,49.0,A,17,0,1,8,-1
367145870,2024-01-01 17:44:56,41.37214,-70.13388,32.8,337.8,339.0,IYANOUGH,IMO9375719,WDD4527,60.0,9.0,47.0,12.0,1.6,49.0,A,17,0,1,8,-1
367145870,2024-01-01 17:42:52,41.35479,-70.12473,32.7,337.0,339.0,IYANOUGH,IMO9375719,WDD4527,60.0,9.0,47.0,12.0,1.6,49.0,A,17,0,1,8,-1
367145870,2024-01-01 17:43:54,41.36354,-70.12929,32.7,338.7,339.0,IYANOUGH,IMO9375719,WDD4527,60.0,9.0,47.0,12.0,1.6,49.0,A,17,0,1,8,-1
367145870,2024-01-01 17:51:08,41.42515,-70.16126,32.8,339.1,339.0,IYANOUGH,IMO9375719,WDD4527,60.0,9.0,47.0,12.0,1.6,49.0,A,17,0,1,8,-1
367145870,2024-01-01 17:48:02,41.39869,-70.1478,32.8,337.3,338.0,IYANOUGH,IMO9375719,WDD4527,60.0,9.0,47.0,12.0,1.6,49.0,A,17,0,1,8,-1
367145870,2024-01-01 17:35:38,41.29408,-70.09379,24.9,326.0,334.0,IYANOUGH,IMO9375719,WDD4527,60.0,9.0,47.0,12.0,1.6,49.0,A,17,0,1,8,-1
367145870,2024-01-01 17:50:06,41.41628,-70.15695,32.9,339.7,341.0,IYANOUGH,IMO9375719,WDD4527,60.0,9.0,47.0,12.0,1.6,49.0,A,17,0,1,8,-1
367145870,2024-01-01 17:45:58,41.38108,-70.13862,32.9,338.4,339.0,IYANOUGH,IMO9375719,WDD4527,60.0,9.0,47.0,12.0,1.6,49.0,A,17,0,1,8,-1
367145870,2024-01-01 17:37:42,41.31099,-70.1014,32.4,340.9,341.0,IYANOUGH,IMO9375719,WDD4527,60.0,9.0,47.0,12.0,1.6,49.0,A,17,0,1,8,-1
367145870,2024-01-01 17:55:16,41.46055,-70.17905,33.0,337.9,338.0,IYANOUGH,IMO9375719,WDD4527,60.0,9.0,47.0,12.0,1.6,49.0,A,17,0,1,8,-1
367145870,2024-01-01 17:49:04,41.40748,-70.15239,32.9,340.4,341.0,IYANOUGH,IMO9375719,WDD4527,60.0,9.0,47.0,12.0,1.6,49.0,A,17,0,1,8,-1
367145870,2024-01-01 17:56:18,41.46919,-70.18408,32.8,332.3,332.0,IYANOUGH,IMO9375719,WDD4527,60.0,9.0,47.0,12.0,1.6,49.0,A,17,0,1,8,-1
367145870,2024-01-01 17:41:50,41.34609,-70.12,32.7,340.1,340.0,IYANOUGH,IMO9375719,WDD4527,60.0,9.0,47.0,12.0,1.6,49.0,A,17,0,1,8,-1
367145870,2024-01-01 17:53:12,41.44274,-70.17042,32.9,337.3,339.0,IYANOUGH,IMO9375719,WDD4527,60.0,9.0,47.0,12.0,1.6,49.0,A,17,0,1,8,-1
367145870,2024-01-01 17:59:24,41.49274,-70.20482,32.8,326.9,326.0,IYANOUGH,IMO9375719,WDD4527,60.0,9.0,47.0,12.0,1.6,49.0,A,17,0,1,8,-1
367145870,2024-01-01 17:54:14,41.45166,-70.17462,32.9,340.0,340.0,IYANOUGH,IMO9375719,WDD4527,60.0,9.0,47.0,12.0,1.6,49.0,A,17,0,1,8,-1
367145870,2024-01-01 18:02:04,41.51258,-70.2235,32.9,324.2,325.0,IYANOUGH,IMO9375719,WDD4527,60.0,9.0,47.0,12.0,1.6,49.0,A,18,0,1,8,-1
367145870,2024-01-01 18:05:10,41.53705,-70.24238,33.0,329.2,329.0,IYANOUGH,IMO9375719,WDD4527,60.0,9.0,47.0,12.0,1.6,49.0,A,18,0,1,8,-1
367145870,2024-01-01 18:00:00,41.49726,-70.20898,33.0,325.8,327.0,IYANOUGH,IMO9375719,WDD4527,60.0,9.0,47.0,12.0,1.6,49.0,A,18,0,1,8,-1
367145870,2024-01-01 18:01:02,41.50493,-70.2162,32.7,324.9,327.0,IYANOUGH,IMO9375719,WDD4527,60.0,9.0,47.0,12.0,1.6,49.0,A,18,0,1,8,-1
367145870,2024-01-01 18:11:22,41.58825,-70.27571,33.2,337.5,339.0,IYANOUGH,IMO9375719,WDD4527,60.0,9.0,47.0,12.0,1.6,49.0,A,18,0,1,8,-1
367145870,2024-01-01 18:09:18,41.57067,-70.2659,33.2,332.9,333.0,IYANOUGH,IMO9375719,WDD4527,60.0,9.0,47.0,12.0,1.6,49.0,A,18,0,1,8,-1
367145870,2024-01-01 18:08:16,41.56207,-70.26045,33.1,337.6,339.0,IYANOUGH,IMO9375719,WDD4527,60.0,9.0,47.0,12.0,1.6,49.0,A,18,0,1,8,-1
367145870,2024-01-01 18:06:12,41.54539,-70.24844,32.9,331.0,331.0,IYANOUGH,IMO9375719,WDD4527,60.0,9.0,47.0,12.0,1.6,49.0,A,18,0,1,8,-1
367145870,2024-01-01 18:07:14,41.55355,-70.25492,33.1,331.3,334.0,IYANOUGH,IMO9375719,WDD4527,60.0,9.0,47.0,12.0,1.6,49.0,A,18,0,1,8,-1
367145870,2024-01-01 18:14:28,41.61468,-70.29023,33.3,336.5,338.0,IYANOUGH,IMO9375719,WDD4527,60.0,9.0,47.0,12.0,1.6,49.0,A,18,0,1,8,-1
367145870,2024-01-01 18:17:34,41.63468,-70.27034,18.5,12.9,11.0,IYANOUGH,IMO9375719,WDD4527,60.0,9.0,47.0,12.0,1.6,49.0,A,18,0,1,8,-1
367145870,2024-01-01 18:12:24,41.59703,-70.28069,33.2,337.7,340.0,IYANOUGH,IMO9375719,WDD4527,60.0,9.0,47.0,12.0,1.6,49.0,A,18,0,1,8,-1
367145870,2024-01-01 18:04:08,41.52878,-70.23579,33.0,331.4,331.0,IYANOUGH,IMO9375719,WDD4527,60.0,9.0,47.0,12.0,1.6,49.0,A,18,0,1,8,-1
367145870,2024-01-01 18:13:26,41.6059,-70.28526,33.1,337.7,339.0,IYANOUGH,IMO9375719,WDD4527,60.0,9.0,47.0,12.0,1.6,49.0,A,18,0,1,8,-1
367145870,2024-01-01 18:16:32,41.62705,-70.27484,33.3,53.0,51.0,IYANOUGH,IMO9375719,WDD4527,60.0,9.0,47.0,12.0,1.6,49.0,A,18,0,1,8,-1
367145870,2024-01-01 16:17:02,41.57477,-70.27663,34.4,154.7,157.0,IYANOUGH,IMO9375719,WDD4527,60.0,9.0,47.0,12.0,1.6,49.0,A,16,0,1,8,-1
367145870,2024-01-01 16:21:10,41.53923,-70.25367,34.3,155.2,158.0,IYANOUGH,IMO9375719,WDD4527,60.0,9.0,47.0,12.0,1.6,49.0,A,16,0,1,8,-1
367145870,2024-01-01 16:36:40,41.40756,-70.16332,34.8,150.1,154.0,IYANOUGH,IMO9375719,WDD4527,60.0,9.0,47.0,12.0,1.6,49.0,A,16,0,1,8,-1
367145870,2024-01-01 16:38:44,41.38944,-70.15222,34.4,158.3,161.0,IYANOUGH,IMO9375719,WDD4527,60.0,9.0,47.0,12.0,1.6,49.0,A,16,0,1,8,-1
367145870,2024-01-01 19:11:04,41.62673,-70.27557,30.9,232.0,241.0,IYANOUGH,IMO9375719,WDD4527,60.0,9.0,47.0,12.0,1.6,49.0,A,19,0,1,8,-1
367145870,2024-01-01 19:12:06,41.62173,-70.28642,33.7,237.6,240.0,IYANOUGH,IMO9375719,WDD4527,60.0,9.0,47.0,12.0,1.6,49.0,A,19,0,1,8,-1
367145870,2024-01-01 19:18:18,41.56861,-70.27369,33.6,160.5,162.0,IYANOUGH,IMO9375719,WDD4527,60.0,9.0,47.0,12.0,1.6,49.0,A,19,0,1,8,-1
367145870,2024-01-01 19:14:10,41.60495,-70.29027,33.3,163.5,163.0,IYANOUGH,IMO9375719,WDD4527,60.0,9.0,47.0,12.0,1.6,49.0,A,19,0,1,8,-1
367145870,2024-01-01 19:19:20,41.55962,-70.26918,33.4,155.4,156.0,IYANOUGH,IMO9375719,WDD4527,60.0,9.0,47.0,12.0,1.6,49.0,A,19,0,1,8,-1
367145870,2024-01-01 19:20:22,41.55092,-70.26363,33.5,155.8,157.0,IYANOUGH,IMO9375719,WDD4527,60.0,9.0,47.0,12.0,1.6,49.0,A,19,0,1,8,-1
367145870,2024-01-01 19:15:12,41.59574,-70.28666,33.2,161.3,162.0,IYANOUGH,IMO9375719,WDD4527,60.0,9.0,47.0,12.0,1.6,49.0,A,19,0,1,8,-1
367145870,2024-01-01 19:16:14,41.58674,-70.28222,33.4,159.9,161.0,IYANOUGH,IMO9375719,WDD4527,60.0,9.0,47.0,12.0,1.6,49.0,A,19,0,1,8,-1
367145870,2024-01-01 19:13:08,41.61426,-70.29281,32.2,184.1,180.0,IYANOUGH,IMO9375719,WDD4527,60.0,9.0,47.0,12.0,1.6,49.0,A,19,0,1,8,-1
367145870,2024-01-01 19:22:26,41.53345,-70.25293,33.2,156.6,157.0,IYANOUGH,IMO9375719,WDD4527,60.0,9.0,47.0,12.0,1.6,49.0,A,19,0,1,8,-1
367145870,2024-01-01 19:21:24,41.54218,-70.25827,33.5,154.3,155.0,IYANOUGH,IMO9375719,WDD4527,60.0,9.0,47.0,12.0,1.6,49.0,A,19,0,1,8,-1
367145870,2024-01-01 19:33:48,41.43791,-70.19375,33.4,156.5,157.0,IYANOUGH,IMO9375719,WDD4527,60.0,9.0,47.0,12.0,1.6,49.0,A,19,0,1,8,-1
367145870,2024-01-01 19:27:36,41.49024,-70.22588,33.3,156.1,158.0,IYANOUGH,IMO9375719,WDD4527,60.0,9.0,47.0,12.0,1.6,49.0,A,19,0,1,8,-1
367145870,2024-01-01 19:35:52,41.42041,-70.18306,33.3,154.6,154.0,IYANOUGH,IMO9375719,WDD4527,60.0,9.0,47.0,12.0,1.6,49.0,A,19,0,1,8,-1
367145870,2024-01-01 19:25:32,41.5075,-70.2367,33.2,155.2,156.0,IYANOUGH,IMO9375719,WDD4527,60.0,9.0,47.0,12.0,1.6,49.0,A,19,0,1,8,-1
367145870,2024-01-01 19:28:38,41.48153,-70.22054,33.4,156.7,157.0,IYANOUGH,IMO9375719,WDD4527,60.0,9.0,47.0,12.0,1.6,49.0,A,19,0,1,8,-1
367145870,2024-01-01 19:31:44,41.45542,-70.20438,33.4,154.1,155.0,IYANOUGH,IMO9375719,WDD4527,60.0,9.0,47.0,12.0,1.6,49.0,A,19,0,1,8,-1
367145870,2024-01-01 19:26:34,41.49886,-70.23136,33.1,154.4,155.0,IYANOUGH,IMO9375719,WDD4527,60.0,9.0,47.0,12.0,1.6,49.0,A,19,0,1,8,-1
367145870,2024-01-01 19:40:00,41.38694,-70.15796,33.4,151.0,152.0,IYANOUGH,IMO9375719,WDD4527,60.0,9.0,47.0,12.0,1.6,49.0,A,19,0,1,8,-1
367145870,2024-01-01 19:36:54,41.41178,-70.17753,33.3,152.2,152.0,IYANOUGH,IMO9375719,WDD4527,60.0,9.0,47.0,12.0,1.6,49.0,A,19,0,1,8,-1
367145870,2024-01-01 19:30:42,41.46413,-70.20973,33.5,155.4,157.0,IYANOUGH,IMO9375719,WDD4527,60.0,9.0,47.0,12.0,1.6,49.0,A,19,0,1,8,-1
367145870,2024-01-01 19:29:40,41.47284,-70.21514,33.5,156.8,158.0,IYANOUGH,IMO9375719,WDD4527,60.0,9.0,47.0,12.0,1.6,49.0,A,19,0,1,8,-1
367145870,2024-01-01 19:38:58,41.39525,-70.1644,33.6,149.5,150.0,IYANOUGH,IMO9375719,WDD4527,60.0,9.0,47.0,12.0,1.6,49.0,A,19,0,1,8,-1
367145870,2024-01-01 19:42:04,41.37045,-70.14507,33.2,150.4,151.0,IYANOUGH,IMO9375719,WDD4527,60.0,9.0,47.0,12.0,1.6,49.0,A,19,0,1,8,-1
367145870,2024-01-01 19:34:50,41.42914,-70.18841,33.6,155.5,155.0,IYANOUGH,IMO9375719,WDD4527,60.0,9.0,47.0,12.0,1.6,49.0,A,19,0,1,8,-1
367145870,2024-01-01 19:44:08,41.35403,-70.13203,33.3,154.3,156.0,IYANOUGH,IMO9375719,WDD4527,60.0,9.0,47.0,12.0,1.6,49.0,A,19,0,1,8,-1
367145870,2024-01-01 19:37:56,41.40355,-70.17094,33.6,149.2,151.0,IYANOUGH,IMO9375719,WDD4527,60.0,9.0,47.0,12.0,1.6,49.0,A,19,0,1,8,-1
367145870,2024-01-01 19:41:02,41.37866,-70.1516,33.3,148.9,149.0,IYANOUGH,IMO9375719,WDD4527,60.0,9.0,47.0,12.0,1.6,49.0,A,19,0,1,8,-1
367145870,2024-01-01 19:49:18,41.31166,-70.1022,33.7,151.3,155.0,IYANOUGH,IMO9375719,WDD4527,60.0,9.0,47.0,12.0,1.6,49.0,A,19,0,1,8,-1
367145870,2024-01-01 19:45:10,41.34532,-70.12668,33.2,154.7,154.0,IYANOUGH,IMO9375719,WDD4527,60.0,9.0,47.0,12.0,1.6,49.0,A,19,0,1,8,-1
367145870,2024-01-01 19:43:06,41.36232,-70.1384,33.4,146.7,149.0,IYANOUGH,IMO9375719,WDD4527,60.0,9.0,47.0,12.0,1.6,49.0,A,19,0,1,8,-1
367145870,2024-01-01 19:46:12,41.33669,-70.12108,33.5,153.7,153.0,IYANOUGH,IMO9375719,WDD4527,60.0,9.0,47.0,12.0,1.6,49.0,A,19,0,1,8,-1
367145870,2024-01-01 19:51:22,41.29424,-70.09416,17.3,153.1,147.0,IYANOUGH,IMO9375719,WDD4527,60.0,9.0,47.0,12.0,1.6,49.0,A,19,0,1,8,-1
367145870,2024-01-01 19:48:16,41.31976,-70.10907,33.2,148.7,150.0,IYANOUGH,IMO9375719,WDD4527,60.0,9.0,47.0,12.0,1.6,49.0,A,19,0,1,8,-1
367145870,2024-01-01 19:47:14,41.32816,-70.11523,33.4,152.6,154.0,IYANOUGH,IMO9375719,WDD4527,60.0,9.0,47.0,12.0,1.6,49.0,A,19,0,1,8,-1
367145870,2024-01-01 19:50:20,41.30254,-70.09807,34.5,162.3,164.0,IYANOUGH,IMO9375719,WDD4527,60.0,9.0,47.0,12.0,1.6,49.0,A,19,0,1,8,-1
367145870,2024-01-01 17:47:00,41.38992,-70.14305,32.8,339.9,340.0,IYANOUGH,IMO9375719,WDD4527,60.0,9.0,47.0,12.0,1.6,49.0,A,17,0,1,8,-1
367145870,2024-01-01 18:10:20,41.57933,-70.27115,33.2,341.9,343.0,IYANOUGH,IMO9375719,WDD4527,60.0,9.0,47.0,12.0,1.6,49.0,A,18,0,1,8,-1
367145870,2024-01-01 20:37:36,41.30269,-70.09786,30.5,340.5,341.0,IYANOUGH,IMO9375719,WDD4527,60.0,9.0,47.0,12.0,1.6,49.0,A,20,0,1,8,-1
367145870,2024-01-01 18:15:30,41.62182,-70.28566,32.7,57.3,60.0,IYANOUGH,IMO9375719,WDD4527,60.0,9.0,47.0,12.0,1.6,49.0,A,18,0,1,8,-1
367145870,2024-01-01 20:39:40,41.31938,-70.10702,33.4,337.0,339.0,IYANOUGH,IMO9375719,WDD4527,60.0,9.0,47.0,12.0,1.6,49.0,A,20,0,1,8,-1
367145870,2024-01-01 20:41:44,41.33752,-70.11572,33.5,340.0,341.0,IYANOUGH,IMO9375719,WDD4527,60.0,9.0,47.0,12.0,1.6,49.0,A,20,0,1,8,-1
367145870,2024-01-01 20:38:38,41.31111,-70.10168,31.1,339.9,341.0,IYANOUGH,IMO9375719,WDD4527,60.0,9.0,47.0,12.0,1.6,49.0,A,20,0,1,8,-1
367145870,2024-01-01 20:40:42,41.32847,-70.11139,33.6,340.1,341.0,IYANOUGH,IMO9375719,WDD4527,60.0,9.0,47.0,12.0,1.6,49.0,A,20,0,1,8,-1
367145870,2024-01-01 20:43:48,41.35549,-70.12508,33.5,336.3,338.0,IYANOUGH,IMO9375719,WDD4527,60.0,9.0,47.0,12.0,1.6,49.0,A,20,0,1,8,-1
367145870,2024-01-01 20:48:58,41.40037,-70.14876,33.6,337.1,340.0,IYANOUGH,IMO9375719,WDD4527,60.0,9.0,47.0,12.0,1.6,49.0,A,20,0,1,8,-1
367145870,2024-01-01 20:50:00,41.40941,-70.15354,33.9,336.8,339.0,IYANOUGH,IMO9375719,WDD4527,60.0,9.0,47.0,12.0,1.6,49.0,A,20,0,1,8,-1
367145870,2024-01-01 20:51:02,41.41855,-70.15812,34.0,338.7,340.0,IYANOUGH,IMO9375719,WDD4527,60.0,9.0,47.0,12.0,1.6,49.0,A,20,0,1,8,-1
367145870,2024-01-01 20:42:46,41.34659,-70.12014,33.6,340.6,341.0,IYANOUGH,IMO9375719,WDD4527,60.0,9.0,47.0,12.0,1.6,49.0,A,20,0,1,8,-1
367145870,2024-01-01 20:46:54,41.38242,-70.13919,33.6,341.3,343.0,IYANOUGH,IMO9375719,WDD4527,60.0,9.0,47.0,12.0,1.6,49.0,A,20,0,1,8,-1
367145870,2024-01-01 20:47:56,41.39141,-70.14395,33.7,340.0,344.0,IYANOUGH,IMO9375719,WDD4527,60.0,9.0,47.0,12.0,1.6,49.0,A,20,0,1,8,-1
367145870,2024-01-01 20:52:04,41.42756,-70.16312,33.9,341.1,346.0,IYANOUGH,IMO9375719,WDD4527,60.0,9.0,47.0,12.0,1.6,49.0,A,20,0,1,8,-1
367145870,2024-01-01 20:53:06,41.4367,-70.16768,34.0,338.9,340.0,IYANOUGH,IMO9375719,WDD4527,60.0,9.0,47.0,12.0,1.6,49.0,A,20,0,1,8,-1
367145870,2024-01-01 20:44:50,41.36441,-70.12992,33.5,341.5,344.0,IYANOUGH,IMO9375719,WDD4527,60.0,9.0,47.0,12.0,1.6,49.0,A,20,0,1,8,-1
367145870,2024-01-01 20:55:10,41.4541,-70.1793,34.3,327.9,331.0,IYANOUGH,IMO9375719,WDD4527,60.0,9.0,47.0,12.0,1.6,49.0,A,20,0,1,8,-1
367145870,2024-01-01 20:45:52,41.37342,-70.13447,33.6,336.5,338.0,IYANOUGH,IMO9375719,WDD4527,60.0,9.0,47.0,12.0,1.6,49.0,A,20,0,1,8,-1
367145870,2024-01-01 20:54:08,41.4458,-70.17246,34.0,339.3,342.0,IYANOUGH,IMO9375719,WDD4527,60.0,9.0,47.0,12.0,1.6,49.0,A,20,0,1,8,-1
367145870,2024-01-01 20:58:16,41.47972,-70.19868,34.1,331.3,333.0,IYANOUGH,IMO9375719,WDD4527,60.0,9.0,47.0,12.0,1.6,49.0,A,20,0,1,8,-1
367145870,2024-01-01 20:57:14,41.47118,-70.1923,34.0,330.1,332.0,IYANOUGH,IMO9375719,WDD4527,60.0,9.0,47.0,12.0,1.6,49.0,A,20,0,1,8,-1
367145870,2024-01-01 21:00:00,41.49396,-70.20956,34.0,329.5,332.0,IYANOUGH,IMO9375719,WDD4527,60.0,9.0,47.0,12.0,1.6,49.0,A,21,0,1,8,-1
367145870,2024-01-01 21:01:02,41.50246,-70.21595,33.9,333.3,336.0,IYANOUGH,IMO9375719,WDD4527,60.0,9.0,47.0,12.0,1.6,49.0,A,21,0,1,8,-1
367145870,2024-01-01 20:56:12,41.4626,-70.18591,34.3,329.8,332.0,IYANOUGH,IMO9375719,WDD4527,60.0,9.0,47.0,12.0,1.6,49.0,A,20,0,1,8,-1
367145870,2024-01-01 21:04:08,41.52784,-70.23533,33.8,331.3,334.0,IYANOUGH,IMO9375719,WDD4527,60.0,9.0,47.0,12.0,1.6,49.0,A,21,0,1,8,-1
367145870,2024-01-01 20:59:18,41.48825,-70.20508,34.1,329.8,332.0,IYANOUGH,IMO9375719,WDD4527,60.0,9.0,47.0,12.0,1.6,49.0,A,20,0,1,8,-1
367145870,2024-01-01 21:06:12,41.54477,-70.2479,33.7,331.0,332.0,IYANOUGH,IMO9375719,WDD4527,60.0,9.0,47.0,12.0,1.6,49.0,A,21,0,1,8,-1
367145870,2024-01-01 21:07:14,41.55316,-70.25451,34.0,332.2,335.0,IYANOUGH,IMO9375719,WDD4527,60.0,9.0,47.0,12.0,1.6,49.0,A,21,0,1,8,-1
367145870,2024-01-01 21:03:06,41.51942,-70.22885,33.9,330.8,334.0,IYANOUGH,IMO9375719,WDD4527,60.0,9.0,47.0,12.0,1.6,49.0,A,21,0,1,8,-1
367145870,2024-01-01 21:08:16,41.56191,-70.26034,34.2,337.7,340.0,IYANOUGH,IMO9375719,WDD4527,60.0,9.0,47.0,12.0,1.6,49.0,A,21,0,1,8,-1
367145870,2024-01-01 21:09:18,41.57079,-70.26596,34.1,333.9,336.0,IYANOUGH,IMO9375719,WDD4527,60.0,9.0,47.0,12.0,1.6,49.0,A,21,0,1,8,-1
367145870,2024-01-01 21:11:22,41.58881,-70.27604,34.1,338.6,341.0,IYANOUGH,IMO9375719,WDD4527,60.0,9.0,47.0,12.0,1.6,49.0,A,21,0,1,8,-1
367145870,2024-01-01 21:12:24,41.59764,-70.2817,34.2,334.5,338.0,IYANOUGH,IMO9375719,WDD4527,60.0,9.0,47.0,12.0,1.6,49.0,A,21,0,1,8,-1
367145870,2024-01-01 21:14:28,41.61573,-70.29197,33.9,349.4,359.0,IYANOUGH,IMO9375719,WDD4527,60.0,9.0,47.0,12.0,1.6,49.0,A,21,0,1,8,-1
367145870,2024-01-01 21:10:20,41.57948,-70.27143,34.0,338.5,343.0,IYANOUGH,IMO9375719,WDD4527,60.0,9.0,47.0,12.0,1.6,49.0,A,21,0,1,8,-1
367145870,2024-01-01 21:16:32,41.62776,-70.27389,32.2,46.2,34.0,IYANOUGH,IMO9375719,WDD4527,60.0,9.0,47.0,12.0,1.6,49.0,A,21,0,1,8,-1
367145870,2024-01-01 21:17:34,41.63477,-70.27029,10.6,11.1,10.0,IYANOUGH,IMO9375719,WDD4527,60.0,9.0,47.0,12.0,1.6,49.0,A,21,0,1,8,-1
367145870,2024-01-01 21:19:38,41.63945,-70.26937,8.1,9.4,10.0,IYANOUGH,IMO9375719,WDD4527,60.0,9.0,47.0,12.0,1.6,49.0,A,21,0,1,8,-1
367145870,2024-01-01 21:20:40,41.64179,-70.269,8.1,4.0,2.0,IYANOUGH,IMO9375719,WDD4527,60.0,9.0,47.0,12.0,1.6,49.0,A,21,0,1,8,-1
367145870,2024-01-01 21:18:36,41.63711,-70.26981,8.0,7.1,9.0,IYANOUGH,IMO9375719,WDD4527,60.0,9.0,47.0,12.0,1.6,49.0,A,21,0,1,8,-1
367145870,2024-01-01 19:17:16,41.57777,-70.27822,33.3,160.9,162.0,IYANOUGH,IMO9375719,WDD4527,60.0,9.0,47.0,12.0,1.6,49.0,A,19,0,1,8,-1
367145870,2024-01-01 22:12:26,41.62775,-70.27405,35.3,209.3,220.0,IYANOUGH,IMO9375719,WDD4527,60.0,9.0,47.0,12.0,1.6,49.0,A,22,0,1,8,-1
367145870,2024-01-01 22:13:28,41.62226,-70.28523,34.5,237.3,239.0,IYANOUGH,IMO9375719,WDD4527,60.0,9.0,47.0,12.0,1.6,49.0,A,22,0,1,8,-1
367145870,2024-01-01 22:14:30,41.61504,-70.2923,31.7,184.2,177.0,IYANOUGH,IMO9375719,WDD4527,60.0,9.0,47.0,12.0,1.6,49.0,A,22,0,1,8,-1
367145870,2024-01-01 22:16:34,41.59666,-70.28614,33.2,168.8,169.0,IYANOUGH,IMO9375719,WDD4527,60.0,9.0,47.0,12.0,1.6,49.0,A,22,0,1,8,-1
367145870,2024-01-01 22:15:32,41.60594,-70.2891,33.1,163.1,163.0,IYANOUGH,IMO9375719,WDD4527,60.0,9.0,47.0,12.0,1.6,49.0,A,22,0,1,8,-1
367145870,2024-01-01 22:18:40,41.57833,-70.27859,32.9,150.3,150.0,IYANOUGH,IMO9375719,WDD4527,60.0,9.0,47.0,12.0,1.6,49.0,A,22,0,1,8,-1
367145870,2024-01-01 22:20:44,41.56187,-70.26581,32.9,149.3,149.0,IYANOUGH,IMO9375719,WDD4527,60.0,9.0,47.0,12.0,1.6,49.0,A,22,0,1,8,-1
367145870,2024-01-01 22:21:46,41.55367,-70.25941,33.1,149.8,150.0,IYANOUGH,IMO9375719,WDD4527,60.0,9.0,47.0,12.0,1.6,49.0,A,22,0,1,8,-1
367145870,2024-01-01 22:22:48,41.54544,-70.25302,33.2,149.7,149.0,IYANOUGH,IMO9375719,WDD4527,60.0,9.0,47.0,12.0,1.6,49.0,A,22,0,1,8,-1
367145870,2024-01-01 22:26:56,41.51212,-70.22827,33.1,152.2,151.0,IYANOUGH,IMO9375719,WDD4527,60.0,9.0,47.0,12.0,1.6,49.0,A,22,0,1,8,-1
367145870,2024-01-01 22:27:58,41.50364,-70.22211,33.0,151.2,152.0,IYANOUGH,IMO9375719,WDD4527,60.0,9.0,47.0,12.0,1.6,49.0,A,22,0,1,8,-1
367145870,2024-01-01 22:30:02,41.48694,-70.20998,33.1,152.9,152.0,IYANOUGH,IMO9375719,WDD4527,60.0,9.0,47.0,12.0,1.6,49.0,A,22,0,1,8,-1
367145870,2024-01-01 22:33:08,41.46173,-70.19208,33.1,151.8,152.0,IYANOUGH,IMO9375719,WDD4527,60.0,9.0,47.0,12.0,1.6,49.0,A,22,0,1,8,-1
367145870,2024-01-01 22:32:06,41.47011,-70.19807,33.1,151.9,151.0,IYANOUGH,IMO9375719,WDD4527,60.0,9.0,47.0,12.0,1.6,49.0,A,22,0,1,8,-1
367145870,2024-01-01 22:31:04,41.47853,-70.20404,33.1,151.8,152.0,IYANOUGH,IMO9375719,WDD4527,60.0,9.0,47.0,12.0,1.6,49.0,A,22,0,1,8,-1
367145870,2024-01-01 22:35:12,41.44401,-70.18274,33.3,163.5,163.0,IYANOUGH,IMO9375719,WDD4527,60.0,9.0,47.0,12.0,1.6,49.0,A,22,0,1,8,-1
367145870,2024-01-01 22:38:18,41.41655,-70.17182,33.6,165.9,166.0,IYANOUGH,IMO9375719,WDD4527,60.0,9.0,47.0,12.0,1.6,49.0,A,22,0,1,8,-1
367145870,2024-01-01 22:29:00,41.49549,-70.21602,33.1,150.3,151.0,IYANOUGH,IMO9375719,WDD4527,60.0,9.0,47.0,12.0,1.6,49.0,A,22,0,1,8,-1
367145870,2024-01-01 22:39:20,41.40722,-70.16796,33.4,162.0,163.0,IYANOUGH,IMO9375719,WDD4527,60.0,9.0,47.0,12.0,1.6,49.0,A,22,0,1,8,-1
367145870,2024-01-01 22:42:26,41.38123,-70.15193,33.4,154.4,154.0,IYANOUGH,IMO9375719,WDD4527,60.0,9.0,47.0,12.0,1.6,49.0,A,22,0,1,8,-1
367145870,2024-01-01 22:36:14,41.43514,-70.17861,33.4,163.6,165.0,IYANOUGH,IMO9375719,WDD4527,60.0,9.0,47.0,12.0,1.6,49.0,A,22,0,1,8,-1
367145870,2024-01-01 22:37:16,41.42583,-70.17531,33.5,165.2,164.0,IYANOUGH,IMO9375719,WDD4527,60.0,9.0,47.0,12.0,1.6,49.0,A,22,0,1,8,-1
367145870,2024-01-01 22:45:32,41.35506,-70.13518,33.4,153.8,154.0,IYANOUGH,IMO9375719,WDD4527,60.0,9.0,47.0,12.0,1.6,49.0,A,22,0,1,8,-1
367145870,2024-01-01 22:47:36,41.3379,-70.12377,33.3,153.1,154.0,IYANOUGH,IMO9375719,WDD4527,60.0,9.0,47.0,12.0,1.6,49.0,A,22,0,1,8,-1
367145870,2024-01-01 22:40:22,41.39864,-70.16295,33.2,152.2,151.0,IYANOUGH,IMO9375719,WDD4527,60.0,9.0,47.0,12.0,1.6,49.0,A,22,0,1,8,-1
367145870,2024-01-01 22:48:38,41.32963,-70.1174,33.1,146.3,146.0,IYANOUGH,IMO9375719,WDD4527,60.0,9.0,47.0,12.0,1.6,49.0,A,22,0,1,8,-1
367145870,2024-01-01 22:50:42,41.31356,-70.10344,33.6,151.4,153.0,IYANOUGH,IMO9375719,WDD4527,60.0,9.0,47.0,12.0,1.6,49.0,A,22,0,1,8,-1
367145870,2024-01-01 22:49:40,41.3218,-70.11003,33.5,146.6,148.0,IYANOUGH,IMO9375719,WDD4527,60.0,9.0,47.0,12.0,1.6,49.0,A,22,0,1,8,-1
367145870,2024-01-01 22:43:28,41.37244,-70.14616,33.5,154.1,153.0,IYANOUGH,IMO9375719,WDD4527,60.0,9.0,47.0,12.0,1.6,49.0,A,22,0,1,8,-1
367145870,2024-01-01 22:44:30,41.36371,-70.14071,33.5,154.9,155.0,IYANOUGH,IMO9375719,WDD4527,60.0,9.0,47.0,12.0,1.6,49.0,A,22,0,1,8,-1
367145870,2024-01-01 23:23:38,41.30504,-70.09879,38.6,340.8,342.0,IYANOUGH,IMO9375719,WDD4527,60.0,9.0,47.0,12.0,1.6,49.0,A,23,0,1,8,-1
367145870,2024-01-01 23:22:36,41.2955,-70.09444,18.8,335.1,342.0,IYANOUGH,IMO9375719,WDD4527,60.0,9.0,47.0,12.0,1.6,49.0,A,23,0,1,8,-1
367145870,2024-01-01 23:26:44,41.33325,-70.11324,33.7,338.9,341.0,IYANOUGH,IMO9375719,WDD4527,60.0,9.0,47.0,12.0,1.6,49.0,A,23,0,1,8,-1
367145870,2024-01-01 23:27:46,41.34225,-70.11814,33.9,338.9,342.0,IYANOUGH,IMO9375719,WDD4527,60.0,9.0,47.0,12.0,1.6,49.0,A,23,0,1,8,-1
367145870,2024-01-01 23:24:40,41.31509,-70.104,35.0,336.0,338.0,IYANOUGH,IMO9375719,WDD4527,60.0,9.0,47.0,12.0,1.6,49.0,A,23,0,1,8,-1
367145870,2024-01-01 23:30:52,41.36928,-70.1325,33.8,336.0,339.0,IYANOUGH,IMO9375719,WDD4527,60.0,9.0,47.0,12.0,1.6,49.0,A,23,0,1,8,-1
367145870,2024-01-01 23:31:54,41.37837,-70.13699,33.8,338.9,341.0,IYANOUGH,IMO9375719,WDD4527,60.0,9.0,47.0,12.0,1.6,49.0,A,23,0,1,8,-1
367145870,2024-01-01 21:02:04,41.51094,-70.22238,34.1,330.4,332.0,IYANOUGH,IMO9375719,WDD4527,60.0,9.0,47.0,12.0,1.6,49.0,A,21,0,1,8,-1
367145870,2024-01-01 23:29:50,41.36034,-70.12749,33.6,339.4,341.0,IYANOUGH,IMO9375719,WDD4527,60.0,9.0,47.0,12.0,1.6,49.0,A,23,0,1,8,-1
367145870,2024-01-01 23:38:06,41.43284,-70.16575,34.2,340.1,343.0,IYANOUGH,IMO9375719,WDD4527,60.0,9.0,47.0,12.0,1.6,49.0,A,23,0,1,8,-1
367145870,2024-01-01 21:13:26,41.6065,-70.28749,34.4,335.7,339.0,IYANOUGH,IMO9375719,WDD4527,60.0,9.0,47.0,12.0,1.6,49.0,A,21,0,1,8,-1
367145870,2024-01-01 23:42:14,41.4678,-70.18993,34.2,330.9,334.0,IYANOUGH,IMO9375719,WDD4527,60.0,9.0,47.0,12.0,1.6,49.0,A,23,0,1,8,-1
367145870,2024-01-01 21:15:30,41.62242,-70.28432,33.6,58.5,61.0,IYANOUGH,IMO9375719,WDD4527,60.0,9.0,47.0,12.0,1.6,49.0,A,21,0,1,8,-1
367145870,2024-01-01 23:40:10,41.45073,-70.17623,34.4,328.8,330.0,IYANOUGH,IMO9375719,WDD4527,60.0,9.0,47.0,12.0,1.6,49.0,A,23,0,1,8,-1
367145870,2024-01-01 23:44:18,41.48494,-70.20288,34.2,327.2,330.0,IYANOUGH,IMO9375719,WDD4527,60.0,9.0,47.0,12.0,1.6,49.0,A,23,0,1,8,-1
367145870,2024-01-01 23:32:56,41.38736,-70.14198,33.9,336.9,340.0,IYANOUGH,IMO9375719,WDD4527,60.0,9.0,47.0,12.0,1.6,49.0,A,23,0,1,8,-1
367145870,2024-01-01 23:45:20,41.49356,-70.20913,34.2,330.9,332.0,IYANOUGH,IMO9375719,WDD4527,60.0,9.0,47.0,12.0,1.6,49.0,A,23,0,1,8,-1
367145870,2024-01-01 23:48:26,41.51905,-70.22861,34.0,332.9,336.0,IYANOUGH,IMO9375719,WDD4527,60.0,9.0,47.0,12.0,1.6,49.0,A,23,0,1,8,-1
367145870,2024-01-01 23:50:30,41.53604,-70.24139,33.9,330.2,332.0,IYANOUGH,IMO9375719,WDD4527,60.0,9.0,47.0,12.0,1.6,49.0,A,23,0,1,8,-1
367145870,2024-01-01 23:46:22,41.50197,-70.21584,34.1,329.7,333.0,IYANOUGH,IMO9375719,WDD4527,60.0,9.0,47.0,12.0,1.6,49.0,A,23,0,1,8,-1
367145870,2024-01-01 23:51:32,41.54449,-70.24788,33.9,332.0,335.0,IYANOUGH,IMO9375719,WDD4527,60.0,9.0,47.0,12.0,1.6,49.0,A,23,0,1,8,-1
367145870,2024-01-01 23:39:08,41.44199,-70.17067,34.4,337.1,340.0,IYANOUGH,IMO9375719,WDD4527,60.0,9.0,47.0,12.0,1.6,49.0,A,23,0,1,8,-1
367145870,2024-01-01 23:56:42,41.58643,-70.28136,34.1,341.4,344.0,IYANOUGH,IMO9375719,WDD4527,60.0,9.0,47.0,12.0,1.6,49.0,A,23,0,1,8,-1
367145870,2024-01-01 23:57:44,41.59582,-70.2853,34.4,344.4,348.0,IYANOUGH,IMO9375719,WDD4527,60.0,9.0,47.0,12.0,1.6,49.0,A,23,0,1,8,-1
367145870,2024-01-01 23:54:38,41.56894,-70.26971,34.4,328.0,329.0,IYANOUGH,IMO9375719,WDD4527,60.0,9.0,47.0,12.0,1.6,49.0,A,23,0,1,8,-1
367145870,2024-01-01 23:47:24,41.51047,-70.22192,34.1,330.1,332.0,IYANOUGH,IMO9375719,WDD4527,60.0,9.0,47.0,12.0,1.6,49.0,A,23,0,1,8,-1
367145870,2024-01-01 23:53:36,41.56091,-70.26207,34.4,320.3,321.0,IYANOUGH,IMO9375719,WDD4527,60.0,9.0,47.0,12.0,1.6,49.0,A,23,0,1,8,-1
367145870,2024-01-01 23:59:48,41.61503,-70.29125,34.3,355.4,0.0,IYANOUGH,IMO9375719,WDD4527,60.0,9.0,47.0,12.0,1.6,49.0,A,23,0,1,8,-1
367145870,2024-01-01 23:55:40,41.57732,-70.27657,34.2,331.5,335.0,IYANOUGH,IMO9375719,WDD4527,60.0,9.0,47.0,12.0,1.6,49.0,A,23,0,1,8,-1
367145870,2024-01-01 22:17:38,41.58699,-70.28345,33.4,168.0,167.0,IYANOUGH,IMO9375719,WDD4527,60.0,9.0,47.0,12.0,1.6,49.0,A,22,0,1,8,-1
367145870,2024-01-01 22:19:42,41.57008,-70.27225,33.2,149.9,150.0,IYANOUGH,IMO9375719,WDD4527,60.0,9.0,47.0,12.0,1.6,49.0,A,22,0,1,8,-1
367145870,2024-01-01 22:25:54,41.52045,-70.23414,33.3,151.7,152.0,IYANOUGH,IMO9375719,WDD4527,60.0,9.0,47.0,12.0,1.6,49.0,A,22,0,1,8,-1
367145870,2024-01-01 22:34:10,41.45335,-70.18645,33.2,158.3,160.0,IYANOUGH,IMO9375719,WDD4527,60.0,9.0,47.0,12.0,1.6,49.0,A,22,0,1,8,-1
367145870,2024-01-01 22:46:34,41.34646,-70.12948,33.4,154.2,154.0,IYANOUGH,IMO9375719,WDD4527,60.0,9.0,47.0,12.0,1.6,49.0,A,22,0,1,8,-1
367145870,2024-01-01 22:52:46,41.29608,-70.09497,24.9,159.5,160.0,IYANOUGH,IMO9375719,WDD4527,60.0,9.0,47.0,12.0,1.6,49.0,A,22,0,1,8,-1
367145870,2024-01-01 23:28:48,41.3513,-70.12285,33.9,337.0,339.0,IYANOUGH,IMO9375719,WDD4527,60.0,9.0,47.0,12.0,1.6,49.0,A,23,0,1,8,-1
367145870,2024-01-01 23:33:58,41.39645,-70.14651,33.9,337.4,340.0,IYANOUGH,IMO9375719,WDD4527,60.0,9.0,47.0,12.0,1.6,49.0,A,23,0,1,8,-1
367145870,2024-01-01 23:35:00,41.40547,-70.15146,34.0,339.9,344.0,IYANOUGH,IMO9375719,WDD4527,60.0,9.0,47.0,12.0,1.6,49.0,A,23,0,1,8,-1
367145870,2024-01-01 23:36:02,41.41459,-70.15615,34.1,336.6,339.0,IYANOUGH,IMO9375719,WDD4527,60.0,9.0,47.0,12.0,1.6,49.0,A,23,0,1,8,-1
367145870,2024-01-01 23:41:12,41.4592,-70.1835,34.4,328.2,332.0,IYANOUGH,IMO9375719,WDD4527,60.0,9.0,47.0,12.0,1.6,49.0,A,23,0,1,8,-1
367145870,2024-01-01 23:52:34,41.55295,-70.25441,34.1,330.2,333.0,IYANOUGH,IMO9375719,WDD4527,60.0,9.0,47.0,12.0,1.6,49.0,A,23,0,1,8,-1
367145870,2024-01-01 13:34:06,41.56654,-70.27421,34.2,160.0,161.0,IYANOUGH,IMO9375719,WDD4527,60.0,9.0,47.0,12.0,1.6,49.0,A,13,0,1,8,-1
367145870,2024-01-01 13:35:08,41.55754,-70.2696,34.2,158.7,161.0,IYANOUGH,IMO9375719,WDD4527,60.0,9.0,47.0,12.0,1.6,49.0,A,13,0,1,8,-1
367145870,2024-01-01 13:38:14,41.53077,-70.25338,34.0,154.9,156.0,IYANOUGH,IMO9375719,WDD4527,60.0,9.0,47.0,12.0,1.6,49.0,A,13,0,1,8,-1
367145870,2024-01-01 13:52:42,41.40736,-70.17406,34.0,154.2,157.0,IYANOUGH,IMO9375719,WDD4527,60.0,9.0,47.0,12.0,1.6,49.0,A,13,0,1,8,-1
367145870,2024-01-01 15:04:08,41.53449,-70.24028,33.3,328.3,327.0,IYANOUGH,IMO9375719,WDD4527,60.0,9.0,47.0,12.0,1.6,49.0,A,15,0,1,8,-1
367145870,2024-01-01 15:09:18,41.57695,-70.26987,33.3,334.0,335.0,IYANOUGH,IMO9375719,WDD4527,60.0,9.0,47.0,12.0,1.6,49.0,A,15,0,1,8,-1
367145870,2024-01-01 15:11:22,41.59493,-70.27934,33.7,340.8,342.0,IYANOUGH,IMO9375719,WDD4527,60.0,9.0,47.0,12.0,1.6,49.0,A,15,0,1,8,-1
367145870,2024-01-01 15:12:24,41.60387,-70.28406,33.5,337.4,337.0,IYANOUGH,IMO9375719,WDD4527,60.0,9.0,47.0,12.0,1.6,49.0,A,15,0,1,8,-1
367145870,2024-01-01 15:13:26,41.61276,-70.28897,33.6,337.3,337.0,IYANOUGH,IMO9375719,WDD4527,60.0,9.0,47.0,12.0,1.6,49.0,A,15,0,1,8,-1
367145870,2024-01-01 16:13:56,41.60268,-70.28848,34.3,171.1,174.0,IYANOUGH,IMO9375719,WDD4527,60.0,9.0,47.0,12.0,1.6,49.0,A,16,0,1,8,-1
367145870,2024-01-01 16:24:16,41.51231,-70.23693,34.4,155.2,158.0,IYANOUGH,IMO9375719,WDD4527,60.0,9.0,47.0,12.0,1.6,49.0,A,16,0,1,8,-1
367145870,2024-01-01 16:29:26,41.46724,-70.20945,34.5,156.9,159.0,IYANOUGH,IMO9375719,WDD4527,60.0,9.0,47.0,12.0,1.6,49.0,A,16,0,1,8,-1
367145870,2024-01-01 16:43:54,41.34448,-70.12498,34.4,155.7,159.0,IYANOUGH,IMO9375719,WDD4527,60.0,9.0,47.0,12.0,1.6,49.0,A,16,0,1,8,-1
367145870,2024-01-01 17:52:10,41.43394,-70.16587,32.9,341.5,343.0,IYANOUGH,IMO9375719,WDD4527,60.0,9.0,47.0,12.0,1.6,49.0,A,17,0,1,8,-1
367145870,2024-01-01 17:57:20,41.47733,-70.19045,32.9,328.3,329.0,IYANOUGH,IMO9375719,WDD4527,60.0,9.0,47.0,12.0,1.6,49.0,A,17,0,1,8,-1
367145870,2024-01-01 17:58:22,41.4851,-70.19756,33.0,324.2,324.0,IYANOUGH,IMO9375719,WDD4527,60.0,9.0,47.0,12.0,1.6,49.0,A,17,0,1,8,-1
367145870,2024-01-01 18:03:06,41.52071,-70.22969,32.5,329.1,328.0,IYANOUGH,IMO9375719,WDD4527,60.0,9.0,47.0,12.0,1.6,49.0,A,18,0,1,8,-1
367145870,2024-01-01 19:23:28,41.52481,-70.24747,33.4,153.9,154.0,IYANOUGH,IMO9375719,WDD4527,60.0,9.0,47.0,12.0,1.6,49.0,A,19,0,1,8,-1
367145870,2024-01-01 19:24:30,41.51613,-70.24206,33.2,154.0,155.0,IYANOUGH,IMO9375719,WDD4527,60.0,9.0,47.0,12.0,1.6,49.0,A,19,0,1,8,-1
367145870,2024-01-01 19:32:46,41.44662,-70.19916,33.4,155.3,155.0,IYANOUGH,IMO9375719,WDD4527,60.0,9.0,47.0,12.0,1.6,49.0,A,19,0,1,8,-1
367145870,2024-01-01 20:36:35,41.29482,-70.09433,23.5,336.0,342.0,IYANOUGH,IMO9375719,WDD4527,60.0,9.0,47.0,12.0,1.6,49.0,A,20,0,1,8,-1
367145870,2024-01-01 21:05:10,41.53632,-70.24163,33.6,329.6,331.0,IYANOUGH,IMO9375719,WDD4527,60.0,9.0,47.0,12.0,1.6,49.0,A,21,0,1,8,-1
367145870,2024-01-01 22:23:50,41.53719,-70.24651,33.4,149.9,150.0,IYANOUGH,IMO9375719,WDD4527,60.0,9.0,47.0,12.0,1.6,49.0,A,22,0,1,8,-1
367145870,2024-01-01 22:24:52,41.52891,-70.24008,33.4,151.4,153.0,IYANOUGH,IMO9375719,WDD4527,60.0,9.0,47.0,12.0,1.6,49.0,A,22,0,1,8,-1
367145870,2024-01-01 22:41:24,41.38989,-70.15705,33.6,154.3,154.0,IYANOUGH,IMO9375719,WDD4527,60.0,9.0,47.0,12.0,1.6,49.0,A,22,0,1,8,-1
367145870,2024-01-01 22:51:44,41.30464,-70.09889,33.1,160.8,163.0,IYANOUGH,IMO9375719,WDD4527,60.0,9.0,47.0,12.0,1.6,49.0,A,22,0,1,8,-1
367145870,2024-01-01 23:25:42,41.32407,-70.10913,33.7,340.3,345.0,IYANOUGH,IMO9375719,WDD4527,60.0,9.0,47.0,12.0,1.6,49.0,A,23,0,1,8,-1
367145870,2024-01-01 23:37:04,41.42372,-70.16091,34.2,339.8,342.0,IYANOUGH,IMO9375719,WDD4527,60.0,9.0,47.0,12.0,1.6,49.0,A,23,0,1,8,-1
367145870,2024-01-01 23:43:16,41.47645,-70.19625,34.5,331.1,333.0,IYANOUGH,IMO9375719,WDD4527,60.0,9.0,47.0,12.0,1.6,49.0,A,23,0,1,8,-1
367145870,2024-01-01 23:49:28,41.52752,-70.23509,34.0,328.1,331.0,IYANOUGH,IMO9375719,WDD4527,60.0,9.0,47.0,12.0,1.6,49.0,A,23,0,1,8,-1
367145870,2024-01-01 23:58:46,41.60534,-70.28889,34.4,346.1,348.0,IYANOUGH,IMO9375719,WDD4527,60.0,9.0,47.0,12.0,1.6,49.0,A,23,0,1,8,-1
